{
	"class_name" : "PinholeCameraParameters",
	"extrinsic" : 
	[
		0.78706023941816494,
		-0.27217529494650605,
		0.55358539390757366,
		0.0,
		0.03427898909856672,
		-0.87671764414055853,
		-0.4797823708297434,
		0.0,
		0.6159229906679905,
		0.39659397533675605,
		-0.68069970493102705,
		0.0,
		-59.996334436441956,
		-23.501595160072497,
		44.625797354950919,
		1.0
	],
	"intrinsic" : 
	{
		"height" : 508,
		"intrinsic_matrix" : 
		[
			439.94090512249488,
			0.0,
			0.0,
			0.0,
			439.94090512249488,
			0.0,
			854.5,
			253.5,
			1.0
		],
		"width" : 1710
	},
	"version_major" : 1,
	"version_minor" : 0
}